id,name,address,email,phone_number
RE001,Adam,Vietnam,adam@gmail.com,0586072996
RE002,Becky,USA,becky@gmail.com,3178559809
RE003,Dennis,Korea,dennis@gmail.com,1055538203
RE004,Etha,Vietnam,etha@gmail.com,0586037708
RE005,Hardy,USA,hardy@gmail.com,9788462996
RE006,Irene,Korea,irene@gmail.com,1055570582
RE007,Jack,Vietnam,jack@gmail.com,0586935079
RE008,Henry,Vietnam,henry@gmail.com,0586512274